id,type,start_time,total_time,end_time,error,path,raster_summary,tile,z
c8b15286-af1a-4612-a74b-63e8163c4171,geotiffs_from_vectors,1663794192.8992076,7.691987991333008,1663794200.5911956,,geotiff/WorldCRS84Quad/13/942/1076.tif,,"Tile(x=942, y=1076, z=13)",13
abe3959f-7f6b-4911-9a89-60b05a6c7eed,geotiffs_from_vectors,1663794228.3603451,5.528352975845337,1663794233.888698,,geotiff/WorldCRS84Quad/13/942/1070.tif,,"Tile(x=942, y=1070, z=13)",13
d30dfd99-a0af-4b86-b793-42df24ea1842,geotiffs_from_vectors,1663794227.6587908,8.498730897903442,1663794236.1575217,,geotiff/WorldCRS84Quad/13/942/1076.tif,,"Tile(x=942, y=1076, z=13)",13
eee9752f-1655-4eda-9745-1769a5df0e79,geotiffs_from_vectors,1663794233.899175,4.684359312057495,1663794238.5835342,,geotiff/WorldCRS84Quad/13/942/1081.tif,,"Tile(x=942, y=1081, z=13)",13
8185a0a8-ca4d-405b-8a07-fb1fa55770af,geotiffs_from_vectors,1663794236.1736522,2.5688865184783936,1663794238.7425387,,geotiff/WorldCRS84Quad/13/942/1065.tif,,"Tile(x=942, y=1065, z=13)",13
690dc372-cbde-44f4-b23f-0002c49b8937,geotiffs_from_vectors,1663794238.595259,4.283334732055664,1663794242.8785937,,geotiff/WorldCRS84Quad/13/942/1086.tif,,"Tile(x=942, y=1086, z=13)",13
1bde6196-a680-4179-88ae-542c9bf629c6,geotiffs_from_vectors,1663794238.7514482,6.655810117721558,1663794245.4072583,,geotiff/WorldCRS84Quad/13/942/1072.tif,,"Tile(x=942, y=1072, z=13)",13
fb69edd2-8cff-4ac3-89a2-3261795ebd9f,geotiffs_from_vectors,1663794242.8918538,8.511143207550049,1663794251.402997,,geotiff/WorldCRS84Quad/13/942/1053.tif,,"Tile(x=942, y=1053, z=13)",13
c7aef11f-1244-4f1d-8efc-0dfbd71d6fe2,geotiffs_from_vectors,1663794245.4257772,9.502486944198608,1663794254.9282641,,geotiff/WorldCRS84Quad/13/942/1073.tif,,"Tile(x=942, y=1073, z=13)",13
0bcc83de-0eda-477a-8474-e736c078cb93,geotiffs_from_vectors,1663794251.425504,8.791480541229248,1663794260.2169845,,geotiff/WorldCRS84Quad/13/942/1057.tif,,"Tile(x=942, y=1057, z=13)",13
f4a44bf2-9c53-454d-af4a-c4419687c932,geotiffs_from_vectors,1663794260.2420504,2.6309397220611572,1663794262.8729901,,geotiff/WorldCRS84Quad/13/942/1075.tif,,"Tile(x=942, y=1075, z=13)",13
03414376-4b4b-4e23-98a8-385dc4f77ce6,geotiffs_from_vectors,1663794262.882002,7.198627948760986,1663794270.08063,,geotiff/WorldCRS84Quad/13/942/1077.tif,,"Tile(x=942, y=1077, z=13)",13
0279482d-724f-44f8-8cbf-6c8a43c1186c,geotiffs_from_vectors,1663794254.9522822,20.161877632141113,1663794275.1141598,,geotiff/WorldCRS84Quad/13/942/1067.tif,,"Tile(x=942, y=1067, z=13)",13
e65f961a-38c1-43cc-b8f4-cb56856f24db,geotiffs_from_vectors,1663794270.1010227,5.061737060546875,1663794275.1627598,,geotiff/WorldCRS84Quad/13/942/1051.tif,,"Tile(x=942, y=1051, z=13)",13
4b2dff08-2275-41e9-819b-ced94f4bdd16,geotiffs_from_vectors,1663794275.1787007,4.478347301483154,1663794279.657048,,geotiff/WorldCRS84Quad/13/942/1058.tif,,"Tile(x=942, y=1058, z=13)",13
7ff047c9-b691-4237-9de4-2ea05cada7b3,geotiffs_from_vectors,1663794275.1631825,7.556408405303955,1663794282.719591,,geotiff/WorldCRS84Quad/13/942/1066.tif,,"Tile(x=942, y=1066, z=13)",13
5ef56061-f879-46c2-b19c-5c19af9e28c0,geotiffs_from_vectors,1663794279.6705384,5.032788991928101,1663794284.7033274,,geotiff/WorldCRS84Quad/13/942/1078.tif,,"Tile(x=942, y=1078, z=13)",13
d955370a-149a-4220-881f-ac50c08de0cd,geotiffs_from_vectors,1663794282.745195,6.197965383529663,1663794288.9431603,,geotiff/WorldCRS84Quad/13/942/1071.tif,,"Tile(x=942, y=1071, z=13)",13
fcc327a5-250d-4567-9c14-ad339c6c0331,geotiffs_from_vectors,1663794288.9601467,3.5319344997406006,1663794292.4920812,,geotiff/WorldCRS84Quad/13/942/1074.tif,,"Tile(x=942, y=1074, z=13)",13
587f62cd-78da-4d85-8f32-9b1a82084893,geotiffs_from_vectors,1663794292.503683,10.706401109695435,1663794303.2100842,,geotiff/WorldCRS84Quad/13/942/1068.tif,,"Tile(x=942, y=1068, z=13)",13
d93890c0-7965-4679-a588-9e0739819039,geotiffs_from_vectors,1663794303.2336664,18.91499972343445,1663794322.1486661,,geotiff/WorldCRS84Quad/13/942/1069.tif,,"Tile(x=942, y=1069, z=13)",13
248b8d85-9938-46b8-ad23-63757dfbca8b,webtiles_from_geotiffs,1663883113.1449413,0.08676481246948242,1663883113.2317061,,geotiff/WorldCRS84Quad/13/942/1070.tif,,"Tile(x=942, y=1070, z=13)",13
76600f3e-3b31-4592-9488-0794cf448a62,webtiles_from_geotiffs,1663883143.581093,2.540830373764038,1663883146.1219234,,geotiff/WorldCRS84Quad/13/942/1070.tif,,"Tile(x=942, y=1070, z=13)",13
59bf755b-f5ce-440d-ac8a-4f94c03f001e,webtiles_from_geotiffs,1663883146.2965872,0.07596397399902344,1663883146.3725512,,geotiff/WorldCRS84Quad/13/942/1076.tif,,"Tile(x=942, y=1076, z=13)",13
b37e8098-597f-4826-8746-c9c398cfe391,webtiles_from_geotiffs,1663883146.4879825,0.07928705215454102,1663883146.5672696,,geotiff/WorldCRS84Quad/13/942/1081.tif,,"Tile(x=942, y=1081, z=13)",13
50316456-7f5f-4830-a97e-bd9847bdeaad,webtiles_from_geotiffs,1663883146.6356475,0.0744333267211914,1663883146.7100809,,geotiff/WorldCRS84Quad/13/942/1065.tif,,"Tile(x=942, y=1065, z=13)",13
4e74475d-08ae-4ea8-b33f-a3c1f319f595,webtiles_from_geotiffs,1663883146.736069,0.07659697532653809,1663883146.812666,,geotiff/WorldCRS84Quad/13/942/1086.tif,,"Tile(x=942, y=1086, z=13)",13
9aa11997-1c37-4b4b-a988-e45d4a137b43,webtiles_from_geotiffs,1663883146.877693,0.07477879524230957,1663883146.9524717,,geotiff/WorldCRS84Quad/13/942/1072.tif,,"Tile(x=942, y=1072, z=13)",13
0bf96558-a381-4457-806f-fed6c93b918e,webtiles_from_geotiffs,1663883146.9826424,0.08429408073425293,1663883147.0669365,,geotiff/WorldCRS84Quad/13/942/1053.tif,,"Tile(x=942, y=1053, z=13)",13
a403145d-ed70-4517-b696-8c37676eb401,webtiles_from_geotiffs,1663883147.1274688,0.07705831527709961,1663883147.2045271,,geotiff/WorldCRS84Quad/13/942/1073.tif,,"Tile(x=942, y=1073, z=13)",13
db0c243c-7ca4-4867-8ab3-cf48c37f6d36,webtiles_from_geotiffs,1663883147.2357578,0.07736945152282715,1663883147.3131273,,geotiff/WorldCRS84Quad/13/942/1057.tif,,"Tile(x=942, y=1057, z=13)",13
29a9f766-6da7-49fb-95f3-520824413d1c,webtiles_from_geotiffs,1663883147.3372984,0.07591795921325684,1663883147.4132164,,geotiff/WorldCRS84Quad/13/942/1075.tif,,"Tile(x=942, y=1075, z=13)",13
a7941963-896e-48d6-9f21-20f93a3e9cfc,webtiles_from_geotiffs,1663883147.441843,0.07692074775695801,1663883147.5187638,,geotiff/WorldCRS84Quad/13/942/1077.tif,,"Tile(x=942, y=1077, z=13)",13
33d45abd-bc22-4300-bdba-322a1392b5d6,webtiles_from_geotiffs,1663883147.5447483,0.07363176345825195,1663883147.61838,,geotiff/WorldCRS84Quad/13/942/1067.tif,,"Tile(x=942, y=1067, z=13)",13
35c37bbc-5bec-48d8-b0fb-508eb991df03,webtiles_from_geotiffs,1663883147.7105901,0.07367372512817383,1663883147.7842638,,geotiff/WorldCRS84Quad/13/942/1051.tif,,"Tile(x=942, y=1051, z=13)",13
72e26167-0f15-4bf1-93b3-e01fc6618bfd,webtiles_from_geotiffs,1663883147.8119106,0.07444977760314941,1663883147.8863604,,geotiff/WorldCRS84Quad/13/942/1058.tif,,"Tile(x=942, y=1058, z=13)",13
d266652f-5918-4941-a079-5276aac7d721,webtiles_from_geotiffs,1663883147.9079757,0.07794070243835449,1663883147.9859164,,geotiff/WorldCRS84Quad/13/942/1066.tif,,"Tile(x=942, y=1066, z=13)",13
a9fe7914-3960-44e7-8656-98bec35583b9,webtiles_from_geotiffs,1663883148.0160677,0.08388614654541016,1663883148.099954,,geotiff/WorldCRS84Quad/13/942/1078.tif,,"Tile(x=942, y=1078, z=13)",13
96a9f6b7-327a-4c09-bb9c-a95bb9ad2db8,webtiles_from_geotiffs,1663883148.140409,0.08306050300598145,1663883148.2234695,,geotiff/WorldCRS84Quad/13/942/1071.tif,,"Tile(x=942, y=1071, z=13)",13
a57b0b33-80b1-48fc-84b9-60a77a9a90ec,webtiles_from_geotiffs,1663883148.248509,0.08592581748962402,1663883148.3344347,,geotiff/WorldCRS84Quad/13/942/1074.tif,,"Tile(x=942, y=1074, z=13)",13
6b492374-37d7-45ad-b17d-5b7911aca59b,webtiles_from_geotiffs,1663883148.3579373,0.08094024658203125,1663883148.4388776,,geotiff/WorldCRS84Quad/13/942/1068.tif,,"Tile(x=942, y=1068, z=13)",13
74c05ffe-65cf-4512-9195-e7216934182d,webtiles_from_geotiffs,1663883148.5061157,0.08248138427734375,1663883148.588597,,geotiff/WorldCRS84Quad/13/942/1069.tif,,"Tile(x=942, y=1069, z=13)",13
